[
 {
  "0": "祖籍",
  "1": "父亲",
  "2": "总部地点",
  "3": "出生地",
  "4": "目",
  "5": "面积",
  "6": "简称",
  "7": "上映时间",
  "8": "妻子",
  "9": "所属专辑",
  "10": "注册资本",
  "11": "首都",
  "12": "导演",
  "13": "字",
  "14": "身高",
  "15": "出品公司",
  "16": "修业年限",
  "17": "出生日期",
  "18": "制片人",
  "19": "母亲",
  "20": "编剧",
  "21": "国籍",
  "22": "海拔",
  "23": "连载网站",
  "24": "丈夫",
  "25": "朝代",
  "26": "民族",
  "27": "号",
  "28": "出版社",
  "29": "主持人",
  "30": "专业代码",
  "31": "歌手",
  "32": "作词",
  "33": "主角",
  "34": "董事长",
  "35": "成立日期",
  "36": "毕业院校",
  "37": "占地面积",
  "38": "官方语言",
  "39": "邮政编码",
  "40": "人口数量",
  "41": "所在城市",
  "42": "作者",
  "43": "成立日期",
  "44": "作曲",
  "45": "气候",
  "46": "嘉宾",
  "47": "主演",
  "48": "改编自",
  "49": "创始人"
 },
 {
  "祖籍": 0,
  "父亲": 1,
  "总部地点": 2,
  "出生地": 3,
  "目": 4,
  "面积": 5,
  "简称": 6,
  "上映时间": 7,
  "妻子": 8,
  "所属专辑": 9,
  "注册资本": 10,
  "首都": 11,
  "导演": 12,
  "字": 13,
  "身高": 14,
  "出品公司": 15,
  "修业年限": 16,
  "出生日期": 17,
  "制片人": 18,
  "母亲": 19,
  "编剧": 20,
  "国籍": 21,
  "海拔": 22,
  "连载网站": 23,
  "丈夫": 24,
  "朝代": 25,
  "民族": 26,
  "号": 27,
  "出版社": 28,
  "主持人": 29,
  "专业代码": 30,
  "歌手": 31,
  "作词": 32,
  "主角": 33,
  "董事长": 34,
  "成立日期": 43,
  "毕业院校": 36,
  "占地面积": 37,
  "官方语言": 38,
  "邮政编码": 39,
  "人口数量": 40,
  "所在城市": 41,
  "作者": 42,
  "作曲": 44,
  "气候": 45,
  "嘉宾": 46,
  "主演": 47,
  "改编自": 48,
  "创始人": 49
 }
]