[
 {
  "text": "查尔斯·阿兰基斯（Charles Aránguiz），1989年4月17日出生于智利圣地亚哥，智利职业足球运动员，司职中场，效力于德国足球甲级联赛勒沃库森足球俱乐部",
  "triple_list": [
   [
    "圣地亚哥",
    "出生地",
    "查尔斯·阿兰基斯"
   ],
   [
    "1989年4月17日",
    "出生日期",
    "查尔斯·阿兰基斯"
   ]
  ]
 },
 {
  "text": "《离开》是由张宇谱曲，演唱",
  "triple_list": [
   [
    "张宇",
    "歌手",
    "离开"
   ],
   [
    "张宇",
    "作曲",
    "离开"
   ]
  ]
 },
 {
  "text": "《愤怒的唐僧》由北京吴意波影视文化工作室与优酷电视剧频道联合制作，故事以喜剧元素为主，讲述唐僧与佛祖打牌，得罪了佛祖，被踢下人间再渡九九八十一难的故事",
  "triple_list": [
   [
    "北京吴意波影视文化工作室",
    "出品公司",
    "愤怒的唐僧"
   ],
   [
    "吴意波",
    "导演",
    "愤怒的唐僧"
   ]
  ]
 },
 {
  "text": "李治即位后，萧淑妃受宠，王皇后为了排挤萧淑妃，答应李治让身在感业寺的武则天续起头发，重新纳入后宫",
  "triple_list": [
   [
    "萧淑妃",
    "妻子",
    "李治"
   ],
   [
    "李治",
    "丈夫",
    "萧淑妃"
   ]
  ]
 },
 {
  "text": "《工业4.0》是2015年机械工业出版社出版的图书，作者是（德）阿尔冯斯·波特霍夫，恩斯特·安德雷亚斯·哈特曼",
  "triple_list": [
   [
    "恩斯特·安德雷亚斯·哈特曼",
    "作者",
    "工业4.0"
   ],
   [
    "阿尔冯斯·波特霍夫",
    "作者",
    "工业4.0"
   ],
   [
    "机械工业出版社",
    "出版社",
    "工业4.0"
   ]
  ]
 },
 {
  "text": "周佛海被捕入狱之后，其妻杨淑慧散尽家产请蒋介石枪下留人，于是周佛海从死刑变为无期，不过此人或许作恶多端，改判没多久便病逝于监狱，据悉是心脏病发作",
  "triple_list": [
   [
    "杨淑慧",
    "妻子",
    "周佛海"
   ],
   [
    "周佛海",
    "丈夫",
    "杨淑慧"
   ]
  ]
 },
 {
  "text": "《李烈钧自述》是2011年11月1日人民日报出版社出版的图书，作者是李烈钧",
  "triple_list": [
   [
    "李烈钧",
    "作者",
    "李烈钧自述"
   ],
   [
    "人民日报出版社",
    "出版社",
    "李烈钧自述"
   ]
  ]
 },
 {
  "text": "除演艺事业外，李冰冰热心公益，发起并亲自参与多项环保慈善活动，积极投身其中，身体力行担起了回馈社会的责任于02年出演《少年包青天》，进入大家视线",
  "triple_list": [
   [
    "李冰冰",
    "主演",
    "少年包青天"
   ]
  ]
 },
 {
  "text": "马志舟，1907年出生，陕西三原人，汉族，中国共产党，任红四团第一连连长，1907年逝世",
  "triple_list": [
   [
    "中国",
    "国籍",
    "马志舟"
   ],
   [
    "1907",
    "出生日期",
    "马志舟"
   ],
   [
    "汉族",
    "民族",
    "马志舟"
   ]
  ]
 },
 {
  "text": "斑刺莺是雀形目、剌嘴莺科的一种动物，分布于澳大利亚和新西兰，包括澳大利亚、新西兰、塔斯马尼亚及其附近的岛屿",
  "triple_list": [
   [
    "雀形目",
    "目",
    "斑刺莺"
   ]
  ]
 }
 ]